,Supplier_Lead_Time,Inventory_Levels,Order_Frequency,Delivery_Performance,Cost_Per_Unit

Supplier_Lead_Time,1,-0.0257140538560214,-0.911358219879266,-0.920109343539574,0.969371061562183
Inventory_Levels,-0.0257140538560214,1,0.0518375796863814,-0.0365284350822986,-0.0220124355337962
Order_Frequency,-0.911358219879266,0.0518375796863814,1,0.819941686783299,-0.87669019782416
Delivery_Performance,-0.920109343539574,-0.0365284350822986,0.819941686783299,1,-0.912885473638442
Cost_Per_Unit,0.969371061562183,-0.0220124355337962,-0.87669019782416,-0.912885473638442,1

